<?xml version="1.0" encoding="UTF-8"?>
<project-private xmlns="http://www.netbeans.org/ns/project-private/1">
    <editor-bookmarks xmlns="http://www.netbeans.org/ns/editor-bookmarks/2" lastBookmarkId="0"/>
    <open-files xmlns="http://www.netbeans.org/ns/projectui-open-files/2">
        <group>
            <file>file:/C:/Users/HP/Documents/NetBeansProjects/mian/src/mian/FurnishedApartment.java</file>
            <file>file:/C:/Users/HP/Documents/NetBeansProjects/mian/src/mian/RealEstateagency.java</file>
            <file>file:/C:/Users/HP/Documents/NetBeansProjects/mian/src/mian/property.java</file>
            <file>file:/C:/Users/HP/Documents/NetBeansProjects/mian/src/mian/Apartment.java</file>
            <file>file:/C:/Users/HP/Documents/NetBeansProjects/mian/src/mian/Villa.java</file>
        </group>
    </open-files>
</project-private>
